feature,coef
cat__bairro_Tatuapé,-1152.0837049053048
cat__bairro_Itaim Bibi,1151.9464896298114
cat__bairro_Moema,972.0584868844337
cat__bairro_Butantã,-965.2914948725345
num__area,551.2145356147219
num__quartos,550.8468979479865
num__vagas,226.22725238624247
cat__bairro_Vila Mariana,-206.95739500407325
cat__bairro_Pinheiros,200.32761826766705
num__banheiros,195.97309417058068
cat__tipo_apto,-35.52859771994139
cat__tipo_kitnet,30.417289785901517
cat__tipo_casa,5.111307934040028
